experiment,model,checkpoint,device,chunk_size,eval_batch_size,timed_batches,avg_batch_ms,min_batch_ms,max_batch_ms,avg_sample_us,samples_per_second,nmse_percent,num_parameters,model_dilation,model_hidden_channels,model_hidden_size,model_input_channels,model_input_size,model_kernel_size,model_num_blocks,model_num_layers,model_output_channels,model_output_size,model_size_mb_fp32,realtime_budget_us_per_sample,realtime_load_pct,headroom_x,max_realtime_sample_rate_hz,chunk_budget_ms_at_44k,chunk_budget_utilization_pct_at_44k,is_realtime_viable_44k,viability_tier
tcn_input_channels-1_output_channels-1_hidden_channels-8_kernel_size-3_dilation-1_num_blocks-1,tcn,models/checkpoints/tcn_input_channels-1_output_channels-1_hidden_channels-8_kernel_size-3_dilation-1_num_blocks-1/best.pt,mps,16384,1,20,0.1415374223142862,0.112249981611967,0.2770409919321537,0.0086387586861746,115757371.66965675,12.30233087166632,57,1.0,8.0,,1.0,,3.0,1.0,,1.0,,0.000217437744140625,22.675736961451246,0.03809692580602998,2624.8837113301142,115757371.66965805,371.51927437641723,0.038096925806030406,True,strong_headroom
tcn_input_channels-1_output_channels-1_hidden_channels-8_kernel_size-3_dilation-1_num_blocks-2,tcn,models/checkpoints/tcn_input_channels-1_output_channels-1_hidden_channels-8_kernel_size-3_dilation-1_num_blocks-2/best.pt,mps,16384,1,20,0.3222625469788909,0.2159168943762779,0.8707917295396328,0.0196693449083795,50840534.0725902,2.009357853429765,257,1.0,8.0,,1.0,,3.0,2.0,,1.0,,0.000980377197265625,22.675736961451246,0.08674181104595359,1152.8465776097592,50840534.07259038,371.51927437641723,0.08674181104595391,True,strong_headroom
tcn_input_channels-1_output_channels-1_hidden_channels-8_kernel_size-3_dilation-1_num_blocks-3,tcn,models/checkpoints/tcn_input_channels-1_output_channels-1_hidden_channels-8_kernel_size-3_dilation-1_num_blocks-3/best.pt,mps,16384,1,20,0.2721936907619238,0.2330420538783073,0.334625132381916,0.0166133844459182,60192431.18434507,0.5563745109068856,457,1.0,8.0,,1.0,,3.0,3.0,,1.0,,0.001743316650390625,22.675736961451246,0.07326502540649926,1364.9077366064641,60192431.18434507,371.51927437641723,0.07326502540649926,True,strong_headroom
tcn_input_channels-1_output_channels-1_hidden_channels-8_kernel_size-3_dilation-2_num_blocks-1,tcn,models/checkpoints/tcn_input_channels-1_output_channels-1_hidden_channels-8_kernel_size-3_dilation-2_num_blocks-1/best.pt,mps,16384,1,20,0.131989549845457,0.1107077114284038,0.1664157025516033,0.0080560027981846,124131039.30715404,6.706596345379923,57,2.0,8.0,,1.0,,3.0,1.0,,1.0,,0.000217437744140625,22.675736961451246,0.035526972339994085,2814.762796080603,124131039.3071546,371.51927437641723,0.035526972339994224,True,strong_headroom
tcn_input_channels-1_output_channels-1_hidden_channels-8_kernel_size-3_dilation-2_num_blocks-2,tcn,models/checkpoints/tcn_input_channels-1_output_channels-1_hidden_channels-8_kernel_size-3_dilation-2_num_blocks-2/best.pt,mps,16384,1,20,0.2038144273683428,0.1774579286575317,0.3170832060277462,0.012439845420431,80386850.97787546,0.4190937948641618,257,2.0,8.0,,1.0,,3.0,2.0,,1.0,,0.000980377197265625,22.675736961451246,0.05485971830410071,1822.831087933696,80386850.977876,371.51927437641723,0.05485971830410106,True,strong_headroom
tcn_input_channels-1_output_channels-1_hidden_channels-8_kernel_size-3_dilation-2_num_blocks-3,tcn,models/checkpoints/tcn_input_channels-1_output_channels-1_hidden_channels-8_kernel_size-3_dilation-2_num_blocks-3/best.pt,mps,16384,1,20,0.2513958606868982,0.2191253006458282,0.2891253679990768,0.015343985637628,65172115.22589668,0.4591020266572174,457,2.0,8.0,,1.0,,3.0,3.0,,1.0,,0.001743316650390625,22.675736961451246,0.06766697666193948,1477.825742083831,65172115.225896955,371.51927437641723,0.06766697666193976,True,strong_headroom
tcn_input_channels-1_output_channels-1_hidden_channels-8_kernel_size-5_dilation-1_num_blocks-1,tcn,models/checkpoints/tcn_input_channels-1_output_channels-1_hidden_channels-8_kernel_size-5_dilation-1_num_blocks-1/best.pt,mps,16384,1,20,0.1238896744325757,0.0960407778620719,0.1962920650839805,0.0075616256367538,132246695.09416331,4.130812009537912,89,1.0,8.0,,1.0,,5.0,1.0,,1.0,,0.000339508056640625,22.675736961451246,0.03334676905808426,2998.7912719765277,132246695.09416486,371.51927437641723,0.03334676905808465,True,strong_headroom
tcn_input_channels-1_output_channels-1_hidden_channels-8_kernel_size-5_dilation-1_num_blocks-2,tcn,models/checkpoints/tcn_input_channels-1_output_channels-1_hidden_channels-8_kernel_size-5_dilation-1_num_blocks-2/best.pt,mps,16384,1,20,0.1728333765640854,0.1609171740710735,0.2037091180682182,0.010548912143804,94796504.73602198,0.580234019640083,417,1.0,8.0,,1.0,,5.0,2.0,,1.0,,0.001590728759765625,22.675736961451246,0.04652070255417565,2149.580606259011,94796504.73602238,371.51927437641723,0.04652070255417582,True,strong_headroom
tcn_input_channels-1_output_channels-1_hidden_channels-8_kernel_size-5_dilation-1_num_blocks-3,tcn,models/checkpoints/tcn_input_channels-1_output_channels-1_hidden_channels-8_kernel_size-5_dilation-1_num_blocks-3/best.pt,mps,16384,1,20,0.2175146248191595,0.2065841108560562,0.2720830962061882,0.0132760391124975,75323670.82729067,0.7147388925568304,745,1.0,8.0,,1.0,,5.0,3.0,,1.0,,0.002841949462890625,22.675736961451246,0.05854733248611398,1708.0197466505856,75323670.82729083,371.51927437641723,0.0585473324861141,True,strong_headroom
tcn_input_channels-1_output_channels-1_hidden_channels-8_kernel_size-5_dilation-2_num_blocks-1,tcn,models/checkpoints/tcn_input_channels-1_output_channels-1_hidden_channels-8_kernel_size-5_dilation-2_num_blocks-1/best.pt,mps,16384,1,20,0.1048041507601738,0.0942503102123737,0.1573329791426658,0.0063967377172957,156329686.19241002,3.3951997327918644,89,2.0,8.0,,1.0,,5.0,1.0,,1.0,,0.000339508056640625,22.675736961451246,0.028209613333274035,3544.890843365342,156329686.1924116,371.51927437641723,0.02820961333327432,True,strong_headroom
tcn_input_channels-1_output_channels-1_hidden_channels-8_kernel_size-5_dilation-2_num_blocks-2,tcn,models/checkpoints/tcn_input_channels-1_output_channels-1_hidden_channels-8_kernel_size-5_dilation-2_num_blocks-2/best.pt,mps,16384,1,20,0.1624333672225475,0.1465422101318836,0.1914999447762966,0.0099141459486418,100865975.26204409,0.4596116042369236,417,2.0,8.0,,1.0,,5.0,2.0,,1.0,,0.001590728759765625,22.675736961451246,0.04372138363351034,2287.210323402364,100865975.26204425,371.51927437641723,0.043721383633510406,True,strong_headroom
tcn_input_channels-1_output_channels-1_hidden_channels-8_kernel_size-5_dilation-2_num_blocks-3,tcn,models/checkpoints/tcn_input_channels-1_output_channels-1_hidden_channels-8_kernel_size-5_dilation-2_num_blocks-3/best.pt,mps,16384,1,20,0.2134270500391721,0.2050003968179226,0.2234173007309436,0.0130265533471174,76766276.8004004,0.3183517470157645,745,2.0,8.0,,1.0,,5.0,3.0,,1.0,,0.002841949462890625,22.675736961451246,0.05744710026078774,1740.7319002358424,76766276.80040066,371.51927437641723,0.0574471002607879,True,strong_headroom
tcn_input_channels-1_output_channels-1_hidden_channels-8_kernel_size-7_dilation-1_num_blocks-1,tcn,models/checkpoints/tcn_input_channels-1_output_channels-1_hidden_channels-8_kernel_size-7_dilation-1_num_blocks-1/best.pt,mps,16384,1,20,0.1035207184031605,0.0942912884056568,0.1261672005057335,0.0063184032228491,158267835.19983554,49.69773583711441,121,1.0,8.0,,1.0,,7.0,1.0,,1.0,,0.000461578369140625,22.675736961451246,0.027864158212764528,3588.8398004498176,158267835.19983697,371.51927437641723,0.02786415821276476,True,strong_headroom
tcn_input_channels-1_output_channels-1_hidden_channels-8_kernel_size-7_dilation-1_num_blocks-2,tcn,models/checkpoints/tcn_input_channels-1_output_channels-1_hidden_channels-8_kernel_size-7_dilation-1_num_blocks-2/best.pt,mps,16384,1,20,0.1710686832666397,0.1552910543978214,0.2286247909069061,0.0104412038126611,95774397.08507456,0.4611399264105371,577,1.0,8.0,,1.0,,7.0,2.0,,1.0,,0.002201080322265625,22.675736961451246,0.04604570881383545,2171.755035942737,95774397.0850747,371.51927437641723,0.04604570881383552,True,strong_headroom
tcn_input_channels-1_output_channels-1_hidden_channels-8_kernel_size-7_dilation-1_num_blocks-3,tcn,models/checkpoints/tcn_input_channels-1_output_channels-1_hidden_channels-8_kernel_size-7_dilation-1_num_blocks-3/best.pt,mps,16384,1,20,0.2173730870708823,0.209917314350605,0.2655000425875187,0.0132674003339161,75372716.19396658,0.471537741484874,1033,1.0,8.0,,1.0,,7.0,3.0,,1.0,,0.003940582275390625,22.675736961451246,0.058509235472570004,1709.1318864845102,75372716.19396691,371.51927437641723,0.05850923547257025,True,strong_headroom
tcn_input_channels-1_output_channels-1_hidden_channels-8_kernel_size-7_dilation-2_num_blocks-1,tcn,models/checkpoints/tcn_input_channels-1_output_channels-1_hidden_channels-8_kernel_size-7_dilation-2_num_blocks-1/best.pt,mps,16384,1,20,0.1010541338473558,0.0911671668291091,0.1363325864076614,0.0061678548490817,162130923.06296286,27.537084728600444,121,2.0,8.0,,1.0,,7.0,1.0,,1.0,,0.000461578369140625,22.675736961451246,0.0272002398844503,3676.438164693081,162130923.0629649,371.51927437641723,0.02720023988445063,True,strong_headroom
tcn_input_channels-1_output_channels-1_hidden_channels-8_kernel_size-7_dilation-2_num_blocks-2,tcn,models/checkpoints/tcn_input_channels-1_output_channels-1_hidden_channels-8_kernel_size-7_dilation-2_num_blocks-2/best.pt,mps,16384,1,20,0.1631687162443995,0.1538340002298355,0.1981658861041069,0.0099590280910888,100411404.69267096,0.5133558264316588,577,2.0,8.0,,1.0,,7.0,2.0,,1.0,,0.002201080322265625,22.675736961451246,0.04391931388170161,2276.9026007408474,100411404.69267137,371.51927437641723,0.04391931388170176,True,strong_headroom
tcn_input_channels-1_output_channels-1_hidden_channels-8_kernel_size-7_dilation-2_num_blocks-3,tcn,models/checkpoints/tcn_input_channels-1_output_channels-1_hidden_channels-8_kernel_size-7_dilation-2_num_blocks-3/best.pt,mps,16384,1,20,0.2150105545297265,0.1990417949855327,0.2514580264687538,0.013123202791121,76200910.39640015,0.3744575712346092,1033,2.0,8.0,,1.0,,7.0,3.0,,1.0,,0.003940582275390625,22.675736961451246,0.057873324308843614,1727.9118003718859,76200910.39640017,371.51927437641723,0.05787332430884362,True,strong_headroom
tcn_input_channels-1_output_channels-1_hidden_channels-16_kernel_size-3_dilation-1_num_blocks-1,tcn,models/checkpoints/tcn_input_channels-1_output_channels-1_hidden_channels-16_kernel_size-3_dilation-1_num_blocks-1/best.pt,mps,16384,1,20,0.1031020889058709,0.0935001298785209,0.1154998317360878,0.0062928521060712,158910456.36289772,11.388379680019478,113,1.0,16.0,,1.0,,3.0,1.0,,1.0,,0.000431060791015625,22.675736961451246,0.027751477787773995,3603.411708909258,158910456.3628983,371.51927437641723,0.02775147778777409,True,strong_headroom
tcn_input_channels-1_output_channels-1_hidden_channels-16_kernel_size-3_dilation-1_num_blocks-2,tcn,models/checkpoints/tcn_input_channels-1_output_channels-1_hidden_channels-16_kernel_size-3_dilation-1_num_blocks-2/best.pt,mps,16384,1,20,0.165856210514903,0.1579159870743751,0.1877499744296074,0.01012305972381,98784362.36506084,1.4349435450004182,897,1.0,16.0,,1.0,,3.0,2.0,,1.0,,0.003421783447265625,22.675736961451246,0.0446426933820021,2240.0082168948043,98784362.36506087,371.51927437641723,0.04464269338200209,True,strong_headroom
tcn_input_channels-1_output_channels-1_hidden_channels-16_kernel_size-3_dilation-1_num_blocks-3,tcn,models/checkpoints/tcn_input_channels-1_output_channels-1_hidden_channels-16_kernel_size-3_dilation-1_num_blocks-3/best.pt,mps,16384,1,20,0.2157626673579216,0.2041668631136417,0.2715839073061943,0.0131691081151075,75935286.67691673,0.6422710607622897,1681,1.0,16.0,,1.0,,3.0,3.0,,1.0,,0.006412506103515625,22.675736961451246,0.05807576678762408,1721.8885867781596,75935286.67691684,371.51927437641723,0.05807576678762416,True,strong_headroom
tcn_input_channels-1_output_channels-1_hidden_channels-16_kernel_size-3_dilation-2_num_blocks-1,tcn,models/checkpoints/tcn_input_channels-1_output_channels-1_hidden_channels-16_kernel_size-3_dilation-2_num_blocks-1/best.pt,mps,16384,1,20,0.10219591204077,0.0907080247998237,0.1429999247193336,0.0062375434595196,160319524.26300344,5.132074758352673,113,2.0,16.0,,1.0,,3.0,1.0,,1.0,,0.000431060791015625,22.675736961451246,0.027507566656481436,3635.3633619729,160319524.2630049,371.51927437641723,0.027507566656481672,True,strong_headroom
tcn_input_channels-1_output_channels-1_hidden_channels-16_kernel_size-3_dilation-2_num_blocks-2,tcn,models/checkpoints/tcn_input_channels-1_output_channels-1_hidden_channels-16_kernel_size-3_dilation-2_num_blocks-2/best.pt,mps,16384,1,20,0.1724604051560163,0.1576668582856655,0.2436251379549503,0.0105261477756357,95001516.34909016,0.302931160051662,897,2.0,16.0,,1.0,,3.0,2.0,,1.0,,0.003421783447265625,22.675736961451246,0.04642031169055343,2154.229395670992,95001516.34909074,371.51927437641723,0.046420311690553696,True,strong_headroom
tcn_input_channels-1_output_channels-1_hidden_channels-16_kernel_size-3_dilation-2_num_blocks-3,tcn,models/checkpoints/tcn_input_channels-1_output_channels-1_hidden_channels-16_kernel_size-3_dilation-2_num_blocks-3/best.pt,mps,16384,1,20,0.2182166324928403,0.2075419761240482,0.2415827475488186,0.0133188862605493,75081352.93279059,0.2938228922432253,1681,2.0,16.0,,1.0,,3.0,3.0,,1.0,,0.006412506103515625,22.675736961451246,0.05873628840902241,1702.52500981385,75081352.93279079,371.51927437641723,0.05873628840902256,True,strong_headroom
tcn_input_channels-1_output_channels-1_hidden_channels-16_kernel_size-5_dilation-1_num_blocks-1,tcn,models/checkpoints/tcn_input_channels-1_output_channels-1_hidden_channels-16_kernel_size-5_dilation-1_num_blocks-1/best.pt,mps,16384,1,20,0.1038916874676942,0.0934172421693801,0.126624945551157,0.0063410453776668,157702703.6459938,4.078552006009822,177,1.0,16.0,,1.0,,5.0,1.0,,1.0,,0.000675201416015625,22.675736961451246,0.027964010115510588,3576.0250259863033,157702703.64599597,371.51927437641723,0.02796401011551095,True,strong_headroom
tcn_input_channels-1_output_channels-1_hidden_channels-16_kernel_size-5_dilation-1_num_blocks-2,tcn,models/checkpoints/tcn_input_channels-1_output_channels-1_hidden_channels-16_kernel_size-5_dilation-1_num_blocks-2/best.pt,mps,16384,1,20,0.1699749147519469,0.1549581065773964,0.2405000850558281,0.0103744454804655,96390694.0262921,0.4404709234353454,1473,1.0,16.0,,1.0,,5.0,2.0,,1.0,,0.005619049072265625,22.675736961451246,0.04575130456885285,2185.7300232719317,96390694.0262922,371.51927437641723,0.045751304568852895,True,strong_headroom
tcn_input_channels-1_output_channels-1_hidden_channels-16_kernel_size-5_dilation-1_num_blocks-3,tcn,models/checkpoints/tcn_input_channels-1_output_channels-1_hidden_channels-16_kernel_size-5_dilation-1_num_blocks-3/best.pt,mps,16384,1,20,0.2130520995706319,0.206999946385622,0.2252086997032165,0.013003668186684,76901377.79922841,0.6217636731823587,2769,1.0,16.0,,1.0,,5.0,3.0,,1.0,,0.010562896728515625,22.675736961451246,0.057346176703276436,1743.795414948501,76901377.79922889,371.51927437641723,0.057346176703276776,True,strong_headroom
tcn_input_channels-1_output_channels-1_hidden_channels-16_kernel_size-5_dilation-2_num_blocks-1,tcn,models/checkpoints/tcn_input_channels-1_output_channels-1_hidden_channels-16_kernel_size-5_dilation-2_num_blocks-1/best.pt,mps,16384,1,20,0.1169811934232711,0.0972501002252101,0.1608747988939285,0.0071399654189008,140056700.74434987,3.1661356422333204,177,2.0,16.0,,1.0,,5.0,1.0,,1.0,,0.000675201416015625,22.675736961451246,0.03148724749735253,3175.8889057675833,140056700.74435043,371.51927437641723,0.031487247497352634,True,strong_headroom
tcn_input_channels-1_output_channels-1_hidden_channels-16_kernel_size-5_dilation-2_num_blocks-2,tcn,models/checkpoints/tcn_input_channels-1_output_channels-1_hidden_channels-16_kernel_size-5_dilation-2_num_blocks-2/best.pt,mps,16384,1,20,0.1774561358615756,0.1606657169759273,0.2461662515997886,0.0108310629798324,92327041.3866124,0.3200417278341207,1473,2.0,16.0,,1.0,,5.0,2.0,,1.0,,0.005619049072265625,22.675736961451246,0.04776498774106089,2093.5837049118636,92327041.38661319,371.51927437641723,0.047764987741061304,True,strong_headroom
tcn_input_channels-1_output_channels-1_hidden_channels-16_kernel_size-5_dilation-2_num_blocks-3,tcn,models/checkpoints/tcn_input_channels-1_output_channels-1_hidden_channels-16_kernel_size-5_dilation-2_num_blocks-3/best.pt,mps,16384,1,20,0.2297376049682498,0.207624863833189,0.2945419400930404,0.0140220706157379,71316143.48580113,0.2541871670202158,2769,2.0,16.0,,1.0,,5.0,3.0,,1.0,,0.010562896728515625,22.675736961451246,0.06183733141540414,1617.1461107891414,71316143.48580115,371.51927437641723,0.06183733141540415,True,strong_headroom
tcn_input_channels-1_output_channels-1_hidden_channels-16_kernel_size-7_dilation-1_num_blocks-1,tcn,models/checkpoints/tcn_input_channels-1_output_channels-1_hidden_channels-16_kernel_size-7_dilation-1_num_blocks-1/best.pt,mps,16384,1,20,0.1024875789880752,0.0956659205257892,0.1341253519058227,0.0062553453972213,159863274.7672411,1.343316464366132,241,1.0,16.0,,1.0,,7.0,1.0,,1.0,,0.000919342041015625,22.675736961451246,0.027586073201745935,3625.0175684182177,159863274.76724342,371.51927437641723,0.027586073201746317,True,strong_headroom
tcn_input_channels-1_output_channels-1_hidden_channels-16_kernel_size-7_dilation-1_num_blocks-2,tcn,models/checkpoints/tcn_input_channels-1_output_channels-1_hidden_channels-16_kernel_size-7_dilation-1_num_blocks-2/best.pt,mps,16384,1,20,0.1716332277283072,0.1551248133182525,0.2469583414494991,0.010475660872089,95459371.22347672,0.4189557949043604,2049,1.0,16.0,,1.0,,7.0,2.0,,1.0,,0.007816314697265625,22.675736961451246,0.04619766444591249,2164.6115923691004,95459371.22347732,371.51927437641723,0.04619766444591276,True,strong_headroom
tcn_input_channels-1_output_channels-1_hidden_channels-16_kernel_size-7_dilation-1_num_blocks-3,tcn,models/checkpoints/tcn_input_channels-1_output_channels-1_hidden_channels-16_kernel_size-7_dilation-1_num_blocks-3/best.pt,mps,16384,1,20,0.2226498909294605,0.2072500064969062,0.3034579567611217,0.013589470881925,73586382.33149077,0.5927983669552315,3857,1.0,16.0,,1.0,,7.0,3.0,,1.0,,0.014713287353515625,22.675736961451246,0.059929566589289246,1668.625449693678,73586382.3314912,371.51927437641723,0.0599295665892896,True,strong_headroom
tcn_input_channels-1_output_channels-1_hidden_channels-16_kernel_size-7_dilation-2_num_blocks-1,tcn,models/checkpoints/tcn_input_channels-1_output_channels-1_hidden_channels-16_kernel_size-7_dilation-2_num_blocks-1/best.pt,mps,16384,1,20,0.1041978364810347,0.0947089865803718,0.1311246305704116,0.0063597312305319,157239349.23526058,2.879066944839174,241,2.0,16.0,,1.0,,7.0,1.0,,1.0,,0.000919342041015625,22.675736961451246,0.028046414726645683,3565.5181232485425,157239349.23526073,371.51927437641723,0.028046414726645694,True,strong_headroom
tcn_input_channels-1_output_channels-1_hidden_channels-16_kernel_size-7_dilation-2_num_blocks-2,tcn,models/checkpoints/tcn_input_channels-1_output_channels-1_hidden_channels-16_kernel_size-7_dilation-2_num_blocks-2/best.pt,mps,16384,1,20,0.1674958039075136,0.155667308717966,0.2047088928520679,0.0102231325627144,97817375.8254074,0.3913198656703038,2049,2.0,16.0,,1.0,,7.0,2.0,,1.0,,0.007816314697265625,22.675736961451246,0.04508401460157051,2218.0810844763696,97817375.8254079,371.51927437641723,0.045084014601570736,True,strong_headroom
tcn_input_channels-1_output_channels-1_hidden_channels-16_kernel_size-7_dilation-2_num_blocks-3,tcn,models/checkpoints/tcn_input_channels-1_output_channels-1_hidden_channels-16_kernel_size-7_dilation-2_num_blocks-3/best.pt,mps,16384,1,20,0.2143897349014878,0.2048332244157791,0.2579172141849994,0.0130853109681083,76421569.37937562,0.2666904320564051,3857,2.0,16.0,,1.0,,7.0,3.0,,1.0,,0.014713287353515625,22.675736961451246,0.0577062213693576,1732.9154054280305,76421569.37937614,371.51927437641723,0.057706221369357984,True,strong_headroom
tcn_input_channels-1_output_channels-1_hidden_channels-32_kernel_size-3_dilation-1_num_blocks-1,tcn,models/checkpoints/tcn_input_channels-1_output_channels-1_hidden_channels-32_kernel_size-3_dilation-1_num_blocks-1/best.pt,mps,16384,1,20,0.1037396024912595,0.0962917692959308,0.120874959975481,0.0063317628473669,157933899.9431814,9.693071524484766,225,1.0,32.0,,1.0,,3.0,1.0,,1.0,,0.000858306884765625,22.675736961451246,0.02792307415688803,3581.267572407751,157933899.9431818,371.51927437641723,0.02792307415688809,True,strong_headroom
tcn_input_channels-1_output_channels-1_hidden_channels-32_kernel_size-3_dilation-1_num_blocks-2,tcn,models/checkpoints/tcn_input_channels-1_output_channels-1_hidden_channels-32_kernel_size-3_dilation-1_num_blocks-2/best.pt,mps,16384,1,20,0.1646146876737475,0.1531662419438362,0.1818342134356498,0.0100472831832121,99529393.34594315,1.2036416312169125,3329,1.0,32.0,,1.0,,3.0,2.0,,1.0,,0.012699127197265625,22.675736961451246,0.04430851883796537,2256.90234344543,99529393.34594345,371.51927437641723,0.04430851883796549,True,strong_headroom
tcn_input_channels-1_output_channels-1_hidden_channels-32_kernel_size-3_dilation-1_num_blocks-3,tcn,models/checkpoints/tcn_input_channels-1_output_channels-1_hidden_channels-32_kernel_size-3_dilation-1_num_blocks-3/best.pt,mps,16384,1,20,0.2143666381016373,0.2059158869087696,0.2257092855870723,0.0130839012513206,76429803.37375015,0.3157506531171768,6433,1.0,32.0,,1.0,,3.0,3.0,,1.0,,0.024539947509765625,22.675736961451246,0.05770000451832385,1733.1021173186027,76429803.37375037,371.51927437641723,0.057700004518324,True,strong_headroom
tcn_input_channels-1_output_channels-1_hidden_channels-32_kernel_size-3_dilation-2_num_blocks-1,tcn,models/checkpoints/tcn_input_channels-1_output_channels-1_hidden_channels-32_kernel_size-3_dilation-2_num_blocks-1/best.pt,mps,16384,1,20,0.1041665440425276,0.0953343696892261,0.125957652926445,0.0063578212916581,157286585.15646797,3.0844073373477263,225,2.0,32.0,,1.0,,3.0,1.0,,1.0,,0.000858306884765625,22.675736961451246,0.02803799189621222,3566.5892325730165,157286585.15647003,371.51927437641723,0.02803799189621257,True,strong_headroom
tcn_input_channels-1_output_channels-1_hidden_channels-32_kernel_size-3_dilation-2_num_blocks-2,tcn,models/checkpoints/tcn_input_channels-1_output_channels-1_hidden_channels-32_kernel_size-3_dilation-2_num_blocks-2/best.pt,mps,16384,1,20,0.1684918301180005,0.1577921211719513,0.1895837485790252,0.0102839251781006,97239136.09654386,0.2882092447122781,3329,2.0,32.0,,1.0,,3.0,2.0,,1.0,,0.012699127197265625,22.675736961451246,0.045352110035423644,2204.9690724839916,97239136.09654403,371.51927437641723,0.04535211003542372,True,strong_headroom
tcn_input_channels-1_output_channels-1_hidden_channels-32_kernel_size-3_dilation-2_num_blocks-3,tcn,models/checkpoints/tcn_input_channels-1_output_channels-1_hidden_channels-32_kernel_size-3_dilation-2_num_blocks-3/best.pt,mps,16384,1,20,0.2157396869733929,0.2030837349593639,0.2351254224777221,0.0131677055037471,75943375.23081985,0.2733755727114435,6433,2.0,32.0,,1.0,,3.0,3.0,,1.0,,0.024539947509765625,22.675736961451246,0.058069581271524714,1722.0720006988668,75943375.23082003,371.51927437641723,0.05806958127152482,True,strong_headroom
tcn_input_channels-1_output_channels-1_hidden_channels-32_kernel_size-5_dilation-1_num_blocks-1,tcn,models/checkpoints/tcn_input_channels-1_output_channels-1_hidden_channels-32_kernel_size-5_dilation-1_num_blocks-1/best.pt,mps,16384,1,20,0.1060563838109374,0.0927909277379512,0.1504169777035713,0.0064731679572105,154483864.25476396,2.8733580619488945,353,1.0,32.0,,1.0,,5.0,1.0,,1.0,,0.001346588134765625,22.675736961451246,0.02854667069129831,3503.035470629587,154483864.2547648,371.51927437641723,0.02854667069129846,True,strong_headroom
tcn_input_channels-1_output_channels-1_hidden_channels-32_kernel_size-5_dilation-1_num_blocks-2,tcn,models/checkpoints/tcn_input_channels-1_output_channels-1_hidden_channels-32_kernel_size-5_dilation-1_num_blocks-2/best.pt,mps,16384,1,20,0.1664457842707634,0.1530828885734081,0.1821671612560749,0.0101590444501198,98434454.6290674,0.4268780693263136,5505,1.0,32.0,,1.0,,5.0,2.0,,1.0,,0.020999908447265625,22.675736961451246,0.044801386025028325,2232.0738011126473,98434454.62906775,371.51927437641723,0.04480138602502848,True,strong_headroom
tcn_input_channels-1_output_channels-1_hidden_channels-32_kernel_size-5_dilation-1_num_blocks-3,tcn,models/checkpoints/tcn_input_channels-1_output_channels-1_hidden_channels-32_kernel_size-5_dilation-1_num_blocks-3/best.pt,mps,16384,1,20,0.2130166627466678,0.2043326385319233,0.2226671203970909,0.0130015052945964,76914170.88570593,0.3886485620246151,10657,1.0,32.0,,1.0,,5.0,3.0,,1.0,,0.040653228759765625,22.675736961451246,0.057336638349170126,1744.085507612383,76914170.8857061,371.51927437641723,0.05733663834917022,True,strong_headroom
tcn_input_channels-1_output_channels-1_hidden_channels-32_kernel_size-5_dilation-2_num_blocks-1,tcn,models/checkpoints/tcn_input_channels-1_output_channels-1_hidden_channels-32_kernel_size-5_dilation-2_num_blocks-1/best.pt,mps,16384,1,20,0.1061334041878581,0.0983751378953456,0.159416813403368,0.0064778689079503,154371756.23802677,1.834733437954579,353,2.0,32.0,,1.0,,5.0,1.0,,1.0,,0.001346588134765625,22.675736961451246,0.028567401884060827,3500.4933387307783,154371756.23802733,371.51927437641723,0.028567401884060928,True,strong_headroom
tcn_input_channels-1_output_channels-1_hidden_channels-32_kernel_size-5_dilation-2_num_blocks-2,tcn,models/checkpoints/tcn_input_channels-1_output_channels-1_hidden_channels-32_kernel_size-5_dilation-2_num_blocks-2/best.pt,mps,16384,1,20,0.1680166227743029,0.1590838655829429,0.1841248013079166,0.0102549208236268,97514160.97684965,0.2925061142506604,5505,2.0,32.0,,1.0,,5.0,2.0,,1.0,,0.020999908447265625,22.675736961451246,0.04522420083219418,2211.2054643276756,97514160.9768505,371.51927437641723,0.04522420083219456,True,strong_headroom
tcn_input_channels-1_output_channels-1_hidden_channels-32_kernel_size-5_dilation-2_num_blocks-3,tcn,models/checkpoints/tcn_input_channels-1_output_channels-1_hidden_channels-32_kernel_size-5_dilation-2_num_blocks-3/best.pt,mps,16384,1,20,0.2202313160523772,0.2109580673277378,0.2360423095524311,0.0134418527863999,74394506.16597788,0.2684982725863529,10657,2.0,32.0,,1.0,,5.0,3.0,,1.0,,0.040653228759765625,22.675736961451246,0.059278570788023566,1686.9502531967867,74394506.1659783,371.51927437641723,0.05927857078802389,True,strong_headroom
tcn_input_channels-1_output_channels-1_hidden_channels-32_kernel_size-7_dilation-1_num_blocks-1,tcn,models/checkpoints/tcn_input_channels-1_output_channels-1_hidden_channels-32_kernel_size-7_dilation-1_num_blocks-1/best.pt,mps,16384,1,20,0.1064938027411699,0.0923331826925277,0.1353328116238117,0.0064998658899639,153849328.11368218,1.4291193821387755,481,1.0,32.0,,1.0,,7.0,1.0,,1.0,,0.001834869384765625,22.675736961451246,0.0286644085747408,3488.646896001909,153849328.1136842,371.51927437641723,0.028664408574741163,True,strong_headroom
tcn_input_channels-1_output_channels-1_hidden_channels-32_kernel_size-7_dilation-1_num_blocks-2,tcn,models/checkpoints/tcn_input_channels-1_output_channels-1_hidden_channels-32_kernel_size-7_dilation-1_num_blocks-2/best.pt,mps,16384,1,20,0.1653520390391349,0.1571248285472393,0.1915418542921543,0.0100922875390097,99085563.717314,0.3393809316769317,7681,1.0,32.0,,1.0,,7.0,2.0,,1.0,,0.029300689697265625,22.675736961451246,0.04450698804703277,2246.83817953093,99085563.71731403,371.51927437641723,0.04450698804703277,True,strong_headroom
tcn_input_channels-1_output_channels-1_hidden_channels-32_kernel_size-7_dilation-1_num_blocks-3,tcn,models/checkpoints/tcn_input_channels-1_output_channels-1_hidden_channels-32_kernel_size-7_dilation-1_num_blocks-3/best.pt,mps,16384,1,20,0.2437083050608635,0.2087079919874668,0.3090826794505119,0.0148747744788124,67227910.00457811,0.2655638799051558,14881,1.0,32.0,,1.0,,7.0,3.0,,1.0,,0.056766510009765625,22.675736961451246,0.06559775545156268,1524.442403731937,67227910.00457843,371.51927437641723,0.06559775545156299,True,strong_headroom
tcn_input_channels-1_output_channels-1_hidden_channels-32_kernel_size-7_dilation-2_num_blocks-1,tcn,models/checkpoints/tcn_input_channels-1_output_channels-1_hidden_channels-32_kernel_size-7_dilation-2_num_blocks-1/best.pt,mps,16384,1,20,0.1066645374521613,0.0972910784184932,0.1435000449419021,0.0065102867097266,153603066.1300919,2.3098409855910624,481,2.0,32.0,,1.0,,7.0,1.0,,1.0,,0.001834869384765625,22.675736961451246,0.02871036438989431,3483.062724038388,153603066.13009292,371.51927437641723,0.02871036438989449,True,strong_headroom
tcn_input_channels-1_output_channels-1_hidden_channels-32_kernel_size-7_dilation-2_num_blocks-2,tcn,models/checkpoints/tcn_input_channels-1_output_channels-1_hidden_channels-32_kernel_size-7_dilation-2_num_blocks-2/best.pt,mps,16384,1,20,0.1730333315208554,0.1591253094375133,0.1928331330418586,0.0105611164258334,94686959.1886998,0.2801930738374914,7681,2.0,32.0,,1.0,,7.0,2.0,,1.0,,0.029300689697265625,22.675736961451246,0.0465745234379253,2147.096580242638,94686959.18870035,371.51927437641723,0.04657452343792556,True,strong_headroom
tcn_input_channels-1_output_channels-1_hidden_channels-32_kernel_size-7_dilation-2_num_blocks-3,tcn,models/checkpoints/tcn_input_channels-1_output_channels-1_hidden_channels-32_kernel_size-7_dilation-2_num_blocks-3/best.pt,mps,16384,1,20,0.2179165836423635,0.208333134651184,0.2363747917115688,0.0133005727320778,75184732.27759849,0.2185200910168004,14881,2.0,32.0,,1.0,,7.0,3.0,,1.0,,0.056766510009765625,22.675736961451246,0.0586555257484631,1704.8692126439632,75184732.27759878,371.51927437641723,0.05865552574846331,True,strong_headroom
lstm_input_size-1_hidden_size-8_output_size-1_num_layers-1,lstm,models/checkpoints/lstm_input_size-1_hidden_size-8_output_size-1_num_layers-1/best.pt,mps,16384,1,20,86.97203339543194,84.79362493380904,97.14625030755997,5.308351647670406,188382.39558580384,0.9615384431703176,361,,,8.0,,1.0,,,1.0,,1.0,0.001377105712890625,22.675736961451246,23.40983076622649,4.271709650471742,188382.39558580384,371.51927437641723,23.40983076622649,True,strong_headroom
lstm_input_size-1_hidden_size-8_output_size-1_num_layers-2,lstm,models/checkpoints/lstm_input_size-1_hidden_size-8_output_size-1_num_layers-2/best.pt,mps,16384,1,20,186.15116444416344,178.8632906973362,188.9731660485268,11.36176540796896,88014.49106655696,0.5984599239475612,937,,,8.0,,1.0,,,2.0,,1.0,0.003574371337890625,22.675736961451246,50.105385449143114,1.9957934482212463,88014.49106655696,371.51927437641723,50.105385449143114,True,viable
lstm_input_size-1_hidden_size-8_output_size-1_num_layers-3,lstm,models/checkpoints/lstm_input_size-1_hidden_size-8_output_size-1_num_layers-3/best.pt,mps,16384,1,20,284.4798582838848,257.10370810702443,290.76170921325684,17.363272600334767,57592.829590242094,0.5676530218835178,1513,,,8.0,,1.0,,,3.0,,1.0,0.005771636962890625,22.675736961451246,76.57203216747632,1.3059598546540157,57592.829590242094,371.51927437641723,76.57203216747632,True,viable
lstm_input_size-1_hidden_size-16_output_size-1_num_layers-1,lstm,models/checkpoints/lstm_input_size-1_hidden_size-16_output_size-1_num_layers-1/best.pt,mps,16384,1,20,90.47133112326264,84.06712533906102,145.62375005334616,5.521931831253824,181096.04221117985,0.5163550878535056,1233,,,16.0,,1.0,,,1.0,,1.0,0.004703521728515625,22.675736961451246,24.35171937582937,4.106486217940585,181096.0422111798,371.51927437641723,24.35171937582936,True,strong_headroom
lstm_input_size-1_hidden_size-16_output_size-1_num_layers-2,lstm,models/checkpoints/lstm_input_size-1_hidden_size-16_output_size-1_num_layers-2/best.pt,mps,16384,1,20,185.83954591304064,179.9468328244984,187.83958395943048,11.342745722231484,88162.07508205232,0.5285803068431909,3409,,,16.0,,1.0,,,2.0,,1.0,0.013004302978515625,22.675736961451246,50.021508635040846,1.999140024536334,88162.07508205232,371.51927437641723,50.021508635040846,True,viable
lstm_input_size-1_hidden_size-16_output_size-1_num_layers-3,lstm,models/checkpoints/lstm_input_size-1_hidden_size-16_output_size-1_num_layers-3/best.pt,mps,16384,1,20,289.486664487049,271.4563328772783,295.48929212614894,17.66886379925836,56596.7348756163,0.5254719324606234,5585,,,16.0,,1.0,,,3.0,,1.0,0.021305084228515625,22.675736961451246,77.91968935472937,1.2833726729164694,56596.7348756163,371.51927437641723,77.91968935472937,True,viable
lstm_input_size-1_hidden_size-32_output_size-1_num_layers-1,lstm,models/checkpoints/lstm_input_size-1_hidden_size-32_output_size-1_num_layers-1/best.pt,mps,16384,1,20,85.4602771345526,83.97299982607365,92.3855840228498,5.21608136807572,191714.8007161769,0.4779653333021315,4513,,,32.0,,1.0,,,1.0,,1.0,0.017215728759765625,22.675736961451246,23.002918833213926,4.347274392657072,191714.8007161769,371.51927437641723,23.002918833213926,True,strong_headroom
lstm_input_size-1_hidden_size-32_output_size-1_num_layers-2,lstm,models/checkpoints/lstm_input_size-1_hidden_size-32_output_size-1_num_layers-2/best.pt,mps,16384,1,20,182.16965422034264,171.06474982574582,187.36775033175945,11.118753309347085,89938.14074095344,0.4722334818911796,12961,,,32.0,,1.0,,,2.0,,1.0,0.049442291259765625,22.675736961451246,49.033702094220644,2.0394136222438424,89938.14074095344,371.51927437641723,49.033702094220644,True,strong_headroom
lstm_input_size-1_hidden_size-32_output_size-1_num_layers-3,lstm,models/checkpoints/lstm_input_size-1_hidden_size-32_output_size-1_num_layers-3/best.pt,mps,16384,1,20,286.46319592371583,255.74429193511605,294.3080416880548,17.48432592307836,57194.08368383561,0.5197362641305994,21409,,,32.0,,1.0,,,3.0,,1.0,0.08166885375976562,22.675736961451246,77.10587732077556,1.2969179973658869,57194.08368383561,371.51927437641723,77.10587732077556,True,viable
lstm_input_size-1_hidden_size-64_output_size-1_num_layers-1,lstm,models/checkpoints/lstm_input_size-1_hidden_size-64_output_size-1_num_layers-1/best.pt,mps,16384,1,20,85.79501479398459,83.47199996933341,92.68429223448038,5.236512133421911,190966.8066302233,0.5701806324756216,17217,,,64.0,,1.0,,,1.0,,1.0,0.06567764282226562,22.675736961451246,23.093018508390628,4.330313075515266,190966.80663022326,371.51927437641723,23.093018508390628,True,strong_headroom
lstm_input_size-1_hidden_size-64_output_size-1_num_layers-2,lstm,models/checkpoints/lstm_input_size-1_hidden_size-64_output_size-1_num_layers-2/best.pt,mps,16384,1,20,185.80809789709747,170.35808274522424,189.61025029420853,11.34082628766464,88176.99651106507,0.3683979837772379,50497,,,64.0,,1.0,,,2.0,,1.0,0.19263076782226562,22.675736961451246,50.013043928601064,1.9994783789357158,88176.99651106507,371.51927437641723,50.013043928601064,True,viable
lstm_input_size-1_hidden_size-64_output_size-1_num_layers-3,lstm,models/checkpoints/lstm_input_size-1_hidden_size-64_output_size-1_num_layers-3/best.pt,mps,16384,1,20,286.873845779337,257.48545909300447,294.8597497306764,17.509390001180236,57112.21235763177,0.3925977830895832,83777,,,64.0,,1.0,,,3.0,,1.0,0.3195838928222656,22.675736961451246,77.21640990520484,1.2950615047082032,57112.21235763177,371.51927437641723,77.21640990520484,True,viable
