Effect,Channels,Layers,Kernel,Params,ESR%,MSE,Model_File
exciter,16,6,7,9185,27.76,0.003484,exciter_tcn_c16_l6_k7.pt
exciter,16,6,15,19553,19.67,0.002469,exciter_tcn_c16_l6_k15.pt
exciter,16,6,31,40289,23.04,0.002892,exciter_tcn_c16_l6_k31.pt
exciter,16,8,7,12801,26.82,0.003366,exciter_tcn_c16_l8_k7.pt
exciter,16,8,15,27265,20.42,0.002563,exciter_tcn_c16_l8_k15.pt
exciter,16,8,31,56193,121.10,0.015202,exciter_tcn_c16_l8_k31.pt
exciter,16,10,7,16417,13.67,0.001716,exciter_tcn_c16_l10_k7.pt
exciter,16,10,15,34977,22.75,0.002856,exciter_tcn_c16_l10_k15.pt
exciter,16,10,31,72097,35.01,0.004394,exciter_tcn_c16_l10_k31.pt
exciter,16,12,7,20033,21.46,0.002694,exciter_tcn_c16_l12_k7.pt
exciter,16,12,15,42689,28.10,0.003527,exciter_tcn_c16_l12_k15.pt
exciter,16,12,31,88001,105.28,0.013215,exciter_tcn_c16_l12_k31.pt
exciter,24,6,7,20497,27.14,0.003406,exciter_tcn_c24_l6_k7.pt
exciter,24,6,15,43729,14.61,0.001834,exciter_tcn_c24_l6_k15.pt
exciter,24,6,31,90193,21.73,0.002728,exciter_tcn_c24_l6_k31.pt
exciter,24,8,7,28609,13.22,0.001660,exciter_tcn_c24_l8_k7.pt
exciter,24,8,15,61057,17.01,0.002135,exciter_tcn_c24_l8_k15.pt
exciter,24,8,31,125953,18.64,0.002340,exciter_tcn_c24_l8_k31.pt
exciter,24,10,7,36721,16.37,0.002054,exciter_tcn_c24_l10_k7.pt
exciter,24,10,15,78385,19.00,0.002385,exciter_tcn_c24_l10_k15.pt
exciter,24,10,31,161713,17.22,0.002162,exciter_tcn_c24_l10_k31.pt
exciter,24,12,7,44833,15.96,0.002003,exciter_tcn_c24_l12_k7.pt
exciter,24,12,15,95713,23.11,0.002901,exciter_tcn_c24_l12_k15.pt
exciter,24,12,31,197473,39.67,0.004979,exciter_tcn_c24_l12_k31.pt
exciter,32,6,7,36289,17.50,0.002196,exciter_tcn_c32_l6_k7.pt
exciter,32,6,15,77505,17.40,0.002184,exciter_tcn_c32_l6_k15.pt
exciter,32,6,31,159937,19.89,0.002497,exciter_tcn_c32_l6_k31.pt
exciter,32,8,7,50689,16.38,0.002056,exciter_tcn_c32_l8_k7.pt
exciter,32,8,15,108289,16.55,0.002077,exciter_tcn_c32_l8_k15.pt
exciter,32,8,31,223489,22.05,0.002768,exciter_tcn_c32_l8_k31.pt
exciter,32,10,7,65089,12.59,0.001580,exciter_tcn_c32_l10_k7.pt
exciter,32,10,15,139073,15.49,0.001945,exciter_tcn_c32_l10_k15.pt
exciter,32,10,31,287041,23.05,0.002894,exciter_tcn_c32_l10_k31.pt
exciter,32,12,7,79489,11.62,0.001459,exciter_tcn_c32_l12_k7.pt
exciter,32,12,15,169857,17.73,0.002226,exciter_tcn_c32_l12_k15.pt
exciter,32,12,31,350593,37.55,0.004714,exciter_tcn_c32_l12_k31.pt
exciter,48,6,7,81313,12.80,0.001606,exciter_tcn_c48_l6_k7.pt
exciter,48,6,15,173857,10.52,0.001321,exciter_tcn_c48_l6_k15.pt
exciter,48,6,31,358945,108.26,0.013590,exciter_tcn_c48_l6_k31.pt
exciter,48,8,7,113665,7.32,0.000918,exciter_tcn_c48_l8_k7.pt
exciter,48,8,15,243073,17.09,0.002145,exciter_tcn_c48_l8_k15.pt
exciter,48,8,31,501889,100.07,0.012562,exciter_tcn_c48_l8_k31.pt
exciter,48,10,7,146017,5.49,0.000689,exciter_tcn_c48_l10_k7.pt
exciter,48,10,15,312289,12.88,0.001617,exciter_tcn_c48_l10_k15.pt
exciter,48,10,31,644833,110.18,0.013830,exciter_tcn_c48_l10_k31.pt
exciter,48,12,7,178369,10.65,0.001337,exciter_tcn_c48_l12_k7.pt
exciter,48,12,15,381505,10.36,0.001301,exciter_tcn_c48_l12_k15.pt
exciter,48,12,31,787777,102.65,0.012886,exciter_tcn_c48_l12_k31.pt
distortion,16,6,7,9185,13.86,0.052408,distortion_tcn_c16_l6_k7.pt
distortion,16,6,15,19553,12.88,0.048718,distortion_tcn_c16_l6_k15.pt
distortion,16,6,31,40289,11.82,0.044713,distortion_tcn_c16_l6_k31.pt
distortion,16,8,7,12801,12.62,0.047719,distortion_tcn_c16_l8_k7.pt
distortion,16,8,15,27265,10.60,0.040080,distortion_tcn_c16_l8_k15.pt
distortion,16,8,31,56193,13.82,0.052248,distortion_tcn_c16_l8_k31.pt
distortion,16,10,7,16417,12.26,0.046358,distortion_tcn_c16_l10_k7.pt
distortion,16,10,15,34977,13.56,0.051294,distortion_tcn_c16_l10_k15.pt
distortion,16,10,31,72097,98.58,0.372786,distortion_tcn_c16_l10_k31.pt
distortion,16,12,7,20033,13.71,0.051855,distortion_tcn_c16_l12_k7.pt
distortion,16,12,15,42689,91.24,0.345051,distortion_tcn_c16_l12_k15.pt
distortion,16,12,31,88001,20.40,0.077131,distortion_tcn_c16_l12_k31.pt
distortion,24,6,7,20497,12.73,0.048144,distortion_tcn_c24_l6_k7.pt
distortion,24,6,15,43729,12.76,0.048268,distortion_tcn_c24_l6_k15.pt
distortion,24,6,31,90193,11.72,0.044331,distortion_tcn_c24_l6_k31.pt
distortion,24,8,7,28609,12.35,0.046704,distortion_tcn_c24_l8_k7.pt
distortion,24,8,15,61057,11.47,0.043359,distortion_tcn_c24_l8_k15.pt
distortion,24,8,31,125953,11.76,0.044468,distortion_tcn_c24_l8_k31.pt
distortion,24,10,7,36721,12.00,0.045394,distortion_tcn_c24_l10_k7.pt
distortion,24,10,15,78385,13.55,0.051241,distortion_tcn_c24_l10_k15.pt
distortion,24,10,31,161713,64.87,0.245324,distortion_tcn_c24_l10_k31.pt
distortion,24,12,7,44833,13.70,0.051793,distortion_tcn_c24_l12_k7.pt
distortion,24,12,15,95713,12.79,0.048381,distortion_tcn_c24_l12_k15.pt
distortion,24,12,31,197473,73.60,0.278312,distortion_tcn_c24_l12_k31.pt
distortion,32,6,7,36289,13.43,0.050786,distortion_tcn_c32_l6_k7.pt
distortion,32,6,15,77505,13.06,0.049375,distortion_tcn_c32_l6_k15.pt
distortion,32,6,31,159937,12.72,0.048085,distortion_tcn_c32_l6_k31.pt
distortion,32,8,7,50689,12.19,0.046106,distortion_tcn_c32_l8_k7.pt
distortion,32,8,15,108289,12.42,0.046959,distortion_tcn_c32_l8_k15.pt
distortion,32,8,31,223489,13.34,0.050456,distortion_tcn_c32_l8_k31.pt
distortion,32,10,7,65089,12.32,0.046587,distortion_tcn_c32_l10_k7.pt
distortion,32,10,15,139073,12.91,0.048816,distortion_tcn_c32_l10_k15.pt
distortion,32,10,31,287041,67.65,0.255825,distortion_tcn_c32_l10_k31.pt
distortion,32,12,7,79489,12.36,0.046758,distortion_tcn_c32_l12_k7.pt
distortion,32,12,15,169857,12.49,0.047224,distortion_tcn_c32_l12_k15.pt
distortion,32,12,31,350593,27.92,0.105565,distortion_tcn_c32_l12_k31.pt
distortion,48,6,7,81313,14.46,0.054677,distortion_tcn_c48_l6_k7.pt
distortion,48,6,15,173857,12.78,0.048340,distortion_tcn_c48_l6_k15.pt
distortion,48,6,31,358945,11.96,0.045242,distortion_tcn_c48_l6_k31.pt
distortion,48,8,7,113665,13.54,0.051209,distortion_tcn_c48_l8_k7.pt
distortion,48,8,15,243073,12.50,0.047273,distortion_tcn_c48_l8_k15.pt
distortion,48,8,31,501889,13.00,0.049147,distortion_tcn_c48_l8_k31.pt
distortion,48,10,7,146017,13.06,0.049371,distortion_tcn_c48_l10_k7.pt
distortion,48,10,15,312289,12.79,0.048353,distortion_tcn_c48_l10_k15.pt
exciter,4,2,5,113,55.51,0.006968,exciter_tcn_c4_l2_k5.pt
exciter,4,2,7,153,16.79,0.002108,exciter_tcn_c4_l2_k7.pt
exciter,4,4,5,281,44.48,0.005584,exciter_tcn_c4_l4_k5.pt
exciter,4,4,7,385,70.15,0.008806,exciter_tcn_c4_l4_k7.pt
exciter,8,2,5,385,219.74,0.027584,exciter_tcn_c8_l2_k5.pt
exciter,8,2,7,529,17.09,0.002146,exciter_tcn_c8_l2_k7.pt
exciter,8,4,5,1041,24.27,0.003047,exciter_tcn_c8_l4_k5.pt
exciter,8,4,7,1441,29.50,0.003703,exciter_tcn_c8_l4_k7.pt
exciter,12,2,5,817,19.07,0.002394,exciter_tcn_c12_l2_k5.pt
exciter,12,2,7,1129,24.75,0.003107,exciter_tcn_c12_l2_k7.pt
exciter,12,4,5,2281,26.60,0.003339,exciter_tcn_c12_l4_k5.pt
exciter,12,4,7,3169,20.03,0.002515,exciter_tcn_c12_l4_k7.pt
distortion,4,2,5,113,23.88,0.090301,distortion_tcn_c4_l2_k5.pt
distortion,4,2,7,153,17.63,0.066679,distortion_tcn_c4_l2_k7.pt
distortion,4,4,5,281,19.32,0.073070,distortion_tcn_c4_l4_k5.pt
distortion,4,4,7,385,20.42,0.077231,distortion_tcn_c4_l4_k7.pt
distortion,8,2,5,385,26.47,0.100091,distortion_tcn_c8_l2_k5.pt
distortion,8,2,7,529,26.96,0.101936,distortion_tcn_c8_l2_k7.pt
distortion,8,4,5,1041,21.90,0.082807,distortion_tcn_c8_l4_k5.pt
distortion,8,4,7,1441,21.57,0.081588,distortion_tcn_c8_l4_k7.pt
distortion,12,2,5,817,26.16,0.098918,distortion_tcn_c12_l2_k5.pt
distortion,12,2,7,1129,27.83,0.105252,distortion_tcn_c12_l2_k7.pt
distortion,12,4,5,2281,23.29,0.088079,distortion_tcn_c12_l4_k5.pt
distortion,12,4,7,3169,20.42,0.077207,distortion_tcn_c12_l4_k7.pt