status,design,architecture,sample_width,weight_width,acc_width,kernel_taps,dilation,latency_cycles,steady_cycles_per_sample,finite_cycles_per_sample,steady_samples_per_sec_at_target_clock,finite_samples_per_sec_at_target_clock,max_clock_mhz,max_theoretical_samples_per_sec,total_cells,icestorm_lc,sb_lut4,sb_carry,sb_dff,sb_dffe,sb_dffsr,sb_dffesr,sb_dffess,sb_mac16,error
ok,conv1d_basic,small,4,4,16,5,1,1,1.000000,1.005000,25000000.000000,24875621.890547,114.84,114840000.000000,76,64,35,7,0,0,1,32,0,0,
ok,conv1d_basic,small,4,4,16,5,2,1,1.000000,1.005000,25000000.000000,24875621.890547,126.09,126090000.000000,91,79,34,7,0,0,1,48,0,0,
ok,conv1d_basic,small,4,4,32,5,1,1,1.000000,1.005000,25000000.000000,24875621.890547,114.84,114840000.000000,92,80,35,7,0,0,1,48,0,0,
ok,conv1d_basic,small,4,4,32,5,2,1,1.000000,1.005000,25000000.000000,24875621.890547,121.27,121270000.000000,107,95,34,7,0,0,1,64,0,0,
ok,conv1d_basic,small,4,8,16,5,1,1,1.000000,1.005000,25000000.000000,24875621.890547,114.84,114840000.000000,76,64,35,7,0,0,1,32,0,0,
ok,conv1d_basic,small,4,8,16,5,2,1,1.000000,1.005000,25000000.000000,24875621.890547,126.09,126090000.000000,91,79,34,7,0,0,1,48,0,0,
ok,conv1d_basic,small,4,8,32,5,1,1,1.000000,1.005000,25000000.000000,24875621.890547,114.84,114840000.000000,92,80,35,7,0,0,1,48,0,0,
ok,conv1d_basic,small,4,8,32,5,2,1,1.000000,1.005000,25000000.000000,24875621.890547,121.27,121270000.000000,107,95,34,7,0,0,1,64,0,0,
ok,conv1d_basic,small,8,4,16,5,1,1,1.000000,1.005000,25000000.000000,24875621.890547,105.66,105660000.000000,132,108,67,15,0,0,1,48,0,0,
ok,conv1d_basic,small,8,4,16,5,2,1,1.000000,1.005000,25000000.000000,24875621.890547,127.89,127890000.000000,163,139,66,15,0,0,1,80,0,0,
ok,conv1d_basic,small,8,4,32,5,1,1,1.000000,1.005000,25000000.000000,24875621.890547,86.27,86270000.000000,148,124,67,15,0,0,1,64,0,0,
ok,conv1d_basic,small,8,4,32,5,2,1,1.000000,1.005000,25000000.000000,24875621.890547,107.33,107330000.000000,179,155,66,15,0,0,1,96,0,0,
ok,conv1d_basic,small,8,8,16,5,1,1,1.000000,1.005000,25000000.000000,24875621.890547,105.66,105660000.000000,132,108,67,15,0,0,1,48,0,0,
ok,conv1d_basic,small,8,8,16,5,2,1,1.000000,1.005000,25000000.000000,24875621.890547,127.89,127890000.000000,163,139,66,15,0,0,1,80,0,0,
ok,conv1d_basic,small,8,8,32,5,1,1,1.000000,1.005000,25000000.000000,24875621.890547,86.27,86270000.000000,148,124,67,15,0,0,1,64,0,0,
ok,conv1d_basic,small,8,8,32,5,2,1,1.000000,1.005000,25000000.000000,24875621.890547,107.33,107330000.000000,179,155,66,15,0,0,1,96,0,0,
ok,conv1d_2mult,small,4,4,16,5,1,3,3.000000,3.005000,8333333.333333,8319467.554077,146.52,48840000.000000,165,97,73,36,1,0,2,52,0,0,
ok,conv1d_2mult,small,4,4,16,5,2,3,3.000000,3.005000,8333333.333333,8319467.554077,146.52,48840000.000000,181,113,73,36,1,0,2,68,0,0,
ok,conv1d_2mult,small,4,4,32,5,1,3,3.000000,3.005000,8333333.333333,8319467.554077,108.31,36103333.333333,277,145,121,68,1,0,2,84,0,0,
ok,conv1d_2mult,small,4,4,32,5,2,3,3.000000,3.005000,8333333.333333,8319467.554077,108.31,36103333.333333,293,161,121,68,1,0,2,100,0,0,
ok,conv1d_2mult,small,4,8,16,5,1,3,3.000000,3.005000,8333333.333333,8319467.554077,146.52,48840000.000000,165,97,73,36,1,0,2,52,0,0,
ok,conv1d_2mult,small,4,8,16,5,2,3,3.000000,3.005000,8333333.333333,8319467.554077,146.52,48840000.000000,181,113,73,36,1,0,2,68,0,0,
ok,conv1d_2mult,small,4,8,32,5,1,3,3.000000,3.005000,8333333.333333,8319467.554077,108.31,36103333.333333,277,145,121,68,1,0,2,84,0,0,
ok,conv1d_2mult,small,4,8,32,5,2,3,3.000000,3.005000,8333333.333333,8319467.554077,108.31,36103333.333333,293,161,121,68,1,0,2,100,0,0,
ok,conv1d_2mult,small,8,4,16,5,1,3,3.000000,3.005000,8333333.333333,8319467.554077,133.14,44380000.000000,213,137,93,44,1,0,2,72,0,0,
ok,conv1d_2mult,small,8,4,16,5,2,3,3.000000,3.005000,8333333.333333,8319467.554077,133.14,44380000.000000,245,169,93,44,1,0,2,104,0,0,
ok,conv1d_2mult,small,8,4,32,5,1,3,3.000000,3.005000,8333333.333333,8319467.554077,108.31,36103333.333333,325,185,141,76,1,0,2,104,0,0,
ok,conv1d_2mult,small,8,4,32,5,2,3,3.000000,3.005000,8333333.333333,8319467.554077,97.18,32393333.333333,357,217,141,76,1,0,2,136,0,0,
ok,conv1d_2mult,small,8,8,16,5,1,3,3.000000,3.005000,8333333.333333,8319467.554077,133.14,44380000.000000,213,137,93,44,1,0,2,72,0,0,
ok,conv1d_2mult,small,8,8,16,5,2,3,3.000000,3.005000,8333333.333333,8319467.554077,133.14,44380000.000000,245,169,93,44,1,0,2,104,0,0,
ok,conv1d_2mult,small,8,8,32,5,1,3,3.000000,3.005000,8333333.333333,8319467.554077,108.31,36103333.333333,325,185,141,76,1,0,2,104,0,0,
ok,conv1d_2mult,small,8,8,32,5,2,3,3.000000,3.005000,8333333.333333,8319467.554077,97.18,32393333.333333,357,217,141,76,1,0,2,136,0,0,
ok,conv1d_parallel_pipelined,small,4,4,16,5,1,3,1.000000,1.015000,25000000.000000,24630541.871921,181.98,181980000.000000,203,134,80,33,0,0,3,86,0,0,
ok,conv1d_parallel_pipelined,small,4,4,16,5,2,3,1.000000,1.015000,25000000.000000,24630541.871921,177.02,177020000.000000,219,150,80,33,0,0,3,102,0,0,
ok,conv1d_parallel_pipelined,small,4,4,32,5,1,3,1.000000,1.015000,25000000.000000,24630541.871921,132.40,132400000.000000,347,214,144,65,0,0,3,134,0,0,
ok,conv1d_parallel_pipelined,small,4,4,32,5,2,3,1.000000,1.015000,25000000.000000,24630541.871921,126.53,126530000.000000,363,230,144,65,0,0,3,150,0,0,
ok,conv1d_parallel_pipelined,small,4,8,16,5,1,3,1.000000,1.015000,25000000.000000,24630541.871921,181.98,181980000.000000,203,134,80,33,0,0,3,86,0,0,
ok,conv1d_parallel_pipelined,small,4,8,16,5,2,3,1.000000,1.015000,25000000.000000,24630541.871921,177.02,177020000.000000,219,150,80,33,0,0,3,102,0,0,
ok,conv1d_parallel_pipelined,small,4,8,32,5,1,3,1.000000,1.015000,25000000.000000,24630541.871921,132.40,132400000.000000,347,214,144,65,0,0,3,134,0,0,
ok,conv1d_parallel_pipelined,small,4,8,32,5,2,3,1.000000,1.015000,25000000.000000,24630541.871921,126.53,126530000.000000,363,230,144,65,0,0,3,150,0,0,
ok,conv1d_parallel_pipelined,small,8,4,16,5,1,3,1.000000,1.015000,25000000.000000,24630541.871921,185.05,185050000.000000,263,178,100,41,0,0,3,118,0,0,
ok,conv1d_parallel_pipelined,small,8,4,16,5,2,3,1.000000,1.015000,25000000.000000,24630541.871921,183.15,183150000.000000,295,210,100,41,0,0,3,150,0,0,
ok,conv1d_parallel_pipelined,small,8,4,32,5,1,3,1.000000,1.015000,25000000.000000,24630541.871921,121.37,121370000.000000,407,258,164,73,0,0,3,166,0,0,
ok,conv1d_parallel_pipelined,small,8,4,32,5,2,3,1.000000,1.015000,25000000.000000,24630541.871921,121.37,121370000.000000,439,290,164,73,0,0,3,198,0,0,
ok,conv1d_parallel_pipelined,small,8,8,16,5,1,3,1.000000,1.015000,25000000.000000,24630541.871921,185.05,185050000.000000,263,178,100,41,0,0,3,118,0,0,
ok,conv1d_parallel_pipelined,small,8,8,16,5,2,3,1.000000,1.015000,25000000.000000,24630541.871921,183.15,183150000.000000,295,210,100,41,0,0,3,150,0,0,
ok,conv1d_parallel_pipelined,small,8,8,32,5,1,3,1.000000,1.015000,25000000.000000,24630541.871921,121.37,121370000.000000,407,258,164,73,0,0,3,166,0,0,
ok,conv1d_parallel_pipelined,small,8,8,32,5,2,3,1.000000,1.015000,25000000.000000,24630541.871921,121.37,121370000.000000,439,290,164,73,0,0,3,198,0,0,
ok,conv1d_serial,small,4,4,16,5,1,5,5.000000,5.005000,5000000.000000,4995004.995005,122.00,24400000.000000,208,126,103,47,3,0,2,52,0,0,
ok,conv1d_serial,small,4,4,16,5,2,5,5.000000,5.005000,5000000.000000,4995004.995005,129.40,25880000.000000,223,141,102,47,3,0,2,68,0,0,
ok,conv1d_serial,small,4,4,32,5,1,5,5.000000,5.005000,5000000.000000,4995004.995005,101.25,20250000.000000,368,206,183,95,3,0,2,84,0,0,
ok,conv1d_serial,small,4,4,32,5,2,5,5.000000,5.005000,5000000.000000,4995004.995005,98.66,19732000.000000,383,221,182,95,3,0,2,100,0,0,
ok,conv1d_serial,small,4,8,16,5,1,5,5.000000,5.005000,5000000.000000,4995004.995005,122.00,24400000.000000,208,126,103,47,3,0,2,52,0,0,
ok,conv1d_serial,small,4,8,16,5,2,5,5.000000,5.005000,5000000.000000,4995004.995005,129.40,25880000.000000,223,141,102,47,3,0,2,68,0,0,
ok,conv1d_serial,small,4,8,32,5,1,5,5.000000,5.005000,5000000.000000,4995004.995005,101.25,20250000.000000,368,206,183,95,3,0,2,84,0,0,
ok,conv1d_serial,small,4,8,32,5,2,5,5.000000,5.005000,5000000.000000,4995004.995005,98.66,19732000.000000,383,221,182,95,3,0,2,100,0,0,
ok,conv1d_serial,small,8,4,16,5,1,5,5.000000,5.005000,5000000.000000,4995004.995005,125.64,25128000.000000,248,162,119,51,3,0,2,72,0,0,
