configuration,source_csv,execution_mode,history_mode,scratch_mode,inference_chunk_frames,effective_chunk_frames,total_rows,warmup_rows,measured_rows,channel_count,model_mean_ns_per_block,model_p99_ns_per_block,model_max_ns_per_block,model_stddev_ns_per_block,block_mean_ns_per_block,block_p99_ns_per_block,block_max_ns_per_block,block_stddev_ns_per_block,model_mean_us_per_sample,model_stddev_us_per_sample,model_p99_us_per_sample,model_max_us_per_sample,block_mean_us_per_sample,block_stddev_us_per_sample,block_p99_us_per_sample,block_max_us_per_sample,block_overruns,block_overrun_pct,model_cv_pct,block_cv_pct
Naive control,chunk_sweep_naive_chunk1.csv,layered_block,shift,per_chunk,1,1,14700,100,14600,1,231395.86561643836,290041.42,653333.0,23568.324635754954,236458.63979452054,295375.0,658958.0,23716.047000019254,14.462241601027397,1.4730202897346847,18.127588749999997,40.8333125,14.778664987157534,1.4822529375012035,18.4609375,41.184875,10,0.0684931506849315,10.185283377025325,10.029680886529748
Naive control,chunk_sweep_naive_chunk2.csv,layered_block,shift,per_chunk,2,2,14700,100,14600,1,215240.9412328767,275668.09,33790667.0,278705.7784404336,219356.62726027396,280125.0,33797250.0,278734.62571426656,13.452558827054794,17.4191111525271,17.229255625,2111.9166875,13.709789203767123,17.42091410714166,17.5078125,2112.328125,11,0.07534246575342465,129.48548582069807,127.06916093469044
Naive control,chunk_sweep_naive_chunk4.csv,layered_block,shift,per_chunk,4,4,14700,100,14600,1,207875.085,268917.0,598166.0,20582.589888604114,211944.54369863015,273334.25,602833.0,20640.69862358948,12.992192812499999,1.2864118680377572,16.8073125,37.385375,13.246533981164385,1.2900436639743424,17.083390625,37.6770625,5,0.03424657534246575,9.901422235668173,9.738726113628603
Naive control,chunk_sweep_naive_chunk8.csv,layered_block,shift,per_chunk,8,8,14700,100,14600,1,205854.08890410958,266500.42,416333.0,19877.85693898927,209953.24102739725,270791.01,420667.0,19960.452768493422,12.865880556506848,1.2423660586868293,16.656276249999998,26.0208125,13.122077564212328,1.2475282980308389,16.924438125,26.2916875,1,0.00684931506849315,9.656284723228753,9.507094375308425
Naive control,chunk_sweep_naive_chunk16.csv,layered_block,shift,per_chunk,16,16,14700,100,14600,1,206774.38684931508,263625.41000000003,33594916.0,277027.46367338084,210810.7165068493,267834.83,33600959.0,277048.9083420858,12.923399178082192,17.314216479586303,16.476588125000003,2099.68225,13.175669781678081,17.31555677138036,16.739676875,2100.0599375,1,0.00684931506849315,133.9757152201167,131.42069479806753
Fused only,chunk_sweep_fused_chunk1.csv,fused_streaming,shift,per_chunk,1,1,14700,100,14600,1,205413.44061643837,259459.41,33711834.0,392226.72864748165,209537.38034246577,263958.42,33718375.0,392256.7682962567,12.838340038527399,24.514170540467603,16.216213125,2106.989625,13.096086271404111,24.516048018516045,16.49740125,2107.3984375,6,0.0410958904109589,190.94501677710247,187.2013326000145
Fused only,chunk_sweep_fused_chunk2.csv,fused_streaming,shift,per_chunk,2,2,14700,100,14600,1,201866.33869863013,260041.42,33601791.0,277148.04659672675,205851.8598630137,264333.42,33607917.0,277171.1881315909,12.616646168664383,17.321752912295423,16.25258875,2100.1119375,12.865741241438355,17.32319925822443,16.52083875,2100.4948125,2,0.0136986301369863,137.2928485171993,134.64594797250675
Fused only,chunk_sweep_fused_chunk4.csv,fused_streaming,shift,per_chunk,4,4,14700,100,14600,1,203791.41143835615,258835.09000000005,33614250.0,391387.4013106516,207824.4233561644,263462.32000000007,33619208.0,391432.19784632284,12.73696321489726,24.461712581915727,16.177193125000002,2100.890625,12.989026459760275,24.464512365395176,16.466395000000006,2101.2005,4,0.0273972602739726,192.05294204905215,188.347544299688
Fused only,chunk_sweep_fused_chunk8.csv,fused_streaming,shift,per_chunk,8,8,14700,100,14600,1,201289.68828767122,258085.09000000005,33612375.0,277258.9112224067,205302.01993150686,262419.0800000001,33629750.0,277376.5078587709,12.580605517979452,17.32868195140042,16.130318125000002,2100.7734375,12.831376245719179,17.33603174117318,16.401192500000004,2101.859375,3,0.02054794520547945,137.7412392959568,135.10656541582475
Fused only,chunk_sweep_fused_chunk16.csv,fused_streaming,shift,per_chunk,16,16,14700,100,14600,1,201163.24883561642,256458.42,33640666.0,277453.93403156614,205186.2941780822,261209.82,33648250.0,277490.3304199312,12.572703052226027,17.340870876972883,16.02865125,2102.541625,12.824143386130137,17.3431456512457,16.32561375,2103.015625,2,0.0136986301369863,137.92476291645687,135.23823875833344
Circular only,chunk_sweep_circular_chunk1.csv,layered_block,circular,per_chunk,1,1,14700,100,14600,1,260018.7405479452,313792.41000000003,33704458.0,479763.25676561415,264071.36,318000.42,33711667.0,479796.0006269634,16.251171284246574,29.985203547850883,19.612025625,2106.528625,16.504459999999998,29.987250039185213,19.875026249999998,2106.9791875,11,0.07534246575342465,184.51103014905573,181.69179748495384
Circular only,chunk_sweep_circular_chunk2.csv,layered_block,circular,per_chunk,2,2,14700,100,14600,1,246013.545,305667.0,33687375.0,277510.1745416485,250049.9539041096,309917.83,33694834.0,277543.58896433754,15.375846562500001,17.34438590885303,19.1041875,2105.4609375,15.62812211900685,17.346474310271095,19.369864375000002,2105.927125,12,0.0821917808219178,112.80280300893533,110.99525700003582
Circular only,chunk_sweep_circular_chunk4.csv,layered_block,circular,per_chunk,4,4,14700,100,14600,1,248820.96726027396,299750.42,33695751.0,553796.5124724658,252877.6862328767,304000.83,33703875.0,553849.3985574765,15.551310453767123,34.61228202952911,18.734401249999998,2105.9844375,15.804855389554794,34.61558740984228,19.000051875,2106.4921875,5,0.03424657534246575,222.56826607911162,219.01869113411334
Circular only,chunk_sweep_circular_chunk8.csv,layered_block,circular,per_chunk,8,8,14700,100,14600,1,251444.67479452054,298583.84,33677250.0,664720.1565461264,255494.10938356165,303125.0,33683708.0,664772.0656293902,15.715292174657534,41.545009784132894,18.66149,2104.828125,15.968381836472602,41.54825410183689,18.9453125,2105.23175,10,0.0684931506849315,264.3604033727629,260.19076026187287
Circular only,chunk_sweep_circular_chunk16.csv,layered_block,circular,per_chunk,16,16,14700,100,14600,1,243137.72678082192,295502.0800000001,33650083.0,461078.6848419154,247175.80267123287,300083.42,33656167.0,461125.8676159344,15.19610792380137,28.817417802619712,18.468880000000006,2103.1301875,15.448487666952055,28.8203667259959,18.75521375,2103.5104375,4,0.0273972602739726,189.63683297802555,186.55785179315276
Persistent only,chunk_sweep_persistent_chunk1.csv,layered_block,shift,persistent,1,1,14700,100,14600,1,207627.18410958903,264834.41000000003,33635125.0,277392.75036426785,211785.00684931508,269083.83,33641125.0,277411.145887454,12.976699006849314,17.33704689776674,16.552150625000003,2102.1953125,13.236562928082192,17.338196617965874,16.817739375000002,2102.5703125,3,0.02054794520547945,133.6013641729377,130.98715060827317
Persistent only,chunk_sweep_persistent_chunk2.csv,layered_block,shift,persistent,2,2,14700,100,14600,1,206905.64445205478,260834.41,33621958.0,391578.00913654617,210995.7537671233,265375.0,33630167.0,391623.2094071603,12.931602778253424,24.473625571034134,16.302150625,2101.372375,13.187234610445206,24.476450587947518,16.5859375,2101.8854375,6,0.0410958904109589,189.25438702919706,185.60715199955925
Persistent only,chunk_sweep_persistent_chunk4.csv,layered_block,shift,persistent,4,4,14700,100,14600,1,203349.09308219177,259500.41,462500.0,19720.038536470693,207486.77273972603,264167.41000000003,467500.0,19781.12257167837,12.709318317636987,1.2325024085294183,16.218775625,28.90625,12.967923296232877,1.2363201607298981,16.510463125,29.21875,2,0.0136986301369863,9.697627974421327,9.533678851177687
Persistent only,chunk_sweep_persistent_chunk8.csv,layered_block,shift,persistent,8,8,14700,100,14600,1,212166.66780821918,254667.41,37588542.0,633977.9984617069,216203.20506849315,259042.42,37592667.0,634006.2010784677,13.2604167380137,39.62362490385668,15.916713125,2349.283875,13.51270031678082,39.625387567404225,16.19015125,2349.5416875,9,0.06164383561643835,298.81130952896416,293.2455145045674
Persistent only,chunk_sweep_persistent_chunk16.csv,layered_block,shift,persistent,16,16,14700,100,14600,1,213326.31664383563,255961.07000000004,33805166.0,619404.6463513833,217362.76294520547,260792.0,33811792.0,619462.358296142,13.332894790239727,38.71279039696146,15.997566875000002,2112.822875,13.585172684075342,38.71639739350887,16.2995,2113.237,9,0.06164383561643835,290.3554779814279,284.99010129545553
All combined,chunk_sweep_combined_chunk1.csv,fused_streaming,circular,persistent,1,1,14700,100,14600,1,245625.12328767125,292625.0,33673791.0,553329.8012414603,249650.93123287673,296750.0,33680834.0,553366.0484012886,15.351570205479453,34.583112577591265,18.2890625,2104.6119375,15.603183202054796,34.58537802508054,18.546875,2105.052125,7,0.04794520547945205,225.2741062620909,221.65591198420304
All combined,chunk_sweep_combined_chunk2.csv,fused_streaming,circular,persistent,2,2,14700,100,14600,1,247697.85630136987,288708.83,33786542.0,652090.3120191476,251677.15938356164,292958.0,33791125.0,652124.6359745931,15.481116018835618,40.75564450119672,18.044301875000002,2111.658875,15.729822461472603,40.75778974841207,18.309875,2111.9453125,11,0.07534246575342465,263.2603776860144,259.1115687938692
All combined,chunk_sweep_combined_chunk4.csv,fused_streaming,circular,persistent,4,4,14700,100,14600,1,240941.9554109589,288458.0,33674041.0,479349.6786006126,244963.08657534246,292750.41000000003,33680000.0,479387.3714144199,15.058872213184932,29.959354912538288,18.028625,2104.6275625,15.310192910958904,29.961710713401246,18.296900625000003,2105.0,7,0.04794520547945205,198.94819803508994,195.69780007118598
All combined,chunk_sweep_combined_chunk8.csv,fused_streaming,circular,persistent,8,8,14700,100,14600,1,238479.43630136986,288916.01,33670875.0,368805.30917649745,242481.7758219178,293041.43,33677583.0,368833.49021514034,14.904964768835617,23.050331823531092,18.057250625,2104.4296875,15.155110988869863,23.05209313844627,18.315089375,2104.8489375,3,0.02054794520547945,154.64868371729668,152.10771570974353
All combined,chunk_sweep_combined_chunk16.csv,fused_streaming,circular,persistent,16,16,14700,100,14600,1,238275.03520547945,288334.41000000003,33669625.0,391615.37055909773,244541.82109589042,292500.0,33676416.0,479326.10248348885,14.892189700342465,24.47596065994361,18.020900625000003,2104.3515625,15.28386381849315,29.957881405218053,18.28125,2104.776,7,0.04794520547945205,164.35434380332097,196.009868715067
